Code,Site,Year sampl,Latitude,Longitude,Chl a [mg/m**3],Coli bac fec [MPN/100 ml],Coli bac tot [MPN/100 ml],BOD [mg/l],TN [mg/l],TP [mg/l],TDS [mg/l],EC [µS/cm],pH,DO [mg/l],TSS [mg/l],Turbidity [NTU],Temp [°C],TI,WQI,Water quality
DLCAM242,MARAVILLAS,2012,18.512357,-90.304557,0.763,43.0,129.0,,1.689,0.001,99.2,155.0,7.74,6.99,16.0,2.5,29.6,21.722,77,GOOD
DLCAM243,CHAN LAGUNA,2012,18.478335,-90.210111,0.793,3.0,9.0,,1.005,0.001,179.84,281.0,7.52,7.4,14.0,2.5,29.6,22.003,100,EXCELLENT
DLCAM241,SILVI TUC,2012,18.629995,-90.285381,2.421,150.0,450.0,,1.003,0.001,119.68,187.0,8.09,8.64,12.0,2.5,29.6,30.035,68,FAIR
OCPYU4949,YALAHAU,2012,20.657567,-89.216104,1.057,4.0,12.0,2.0,1.317,0.001,1420.8,2220.0,8.2,6.2,10.0,2.5,29.6,24.072,100,EXCELLENT
DLCAM239,CHUINA,2012,18.961862,-90.715114,1.321,3.0,9.0,,0.56,0.001,440.96,689.0,7.71,3.89,670.0,2.5,29.6,25.678,100,EXCELLENT
DLQUI2254,NOH-BEC,2012,19.146111,-88.174167,0.882,3.0,9.0,2.0,1.268,0.001,2154.88,3367.0,8.02,,10.0,2.5,29.6,22.763,100,EXCELLENT
DLQUI2259-60,BACALAR BUENAVISTA,2012,18.878333,-88.234444,0.7,59.0,177.0,2.0,0.985,0.001,1770.56,2766.5,,6.833,10.0,2.5,28.475,21.102,75,GOOD
DLQUI2265-76,HUAY-PIX,2012,18.513889,-88.423889,0.393,104.333,296.333,2.0,0.655,0.001,1469.227,2295.667,7.76,6.8,10.0,2.5,26.733,16.952,72,GOOD
DLQUI2263,BACALAR SOUTH,2012,18.601389,-88.430556,0.3,265.0,815.0,2.0,0.393,0.001,1338.88,2092.0,,6.8,10.0,4.6,28.3,15.002,66,FAIR
DLQUI2264,XUL-HA,2012,18.548611,-88.460833,0.3,108.5,339.5,2.0,1.33,0.01,1370.56,2141.5,,5.5,10.0,5.45,29.25,15.002,72,GOOD
DLQUI2262,BACALAR CENTER,2012,18.686944,-88.383056,0.7,52.5,196.5,2.0,0.282,0.001,1477.44,2308.5,7.0,6.35,10.0,2.5,28.8,21.102,77,GOOD
DLCAM242,MARAVILLAS,2013,18.512357,-90.304557,15.34,84.0,252.0,4.3,2.953,0.573,124.736,194.9,,,11.0,3.455,28.55,69.501,64,FAIR
DLCAM243,CHAN LAGUNA,2013,18.478335,-90.210111,29.058,33.0,99.0,2.0,4.014,0.479,181.792,284.05,,,14.0,8.445,28.25,62.525,93,EXCELLENT
DLCAM241,SILVI TUC,2013,18.629995,-90.285381,11.429,86.5,259.5,19.75,4.037,0.368,142.816,223.15,,,17.0,7.03,28.0,69.719,71,GOOD
OCPYU4918W1,LAGUNA CHABELA,2013,20.660925,-87.613242,13.372,172.333,361.667,6.957,1.042,0.416,782.507,1222.667,7.787,7.937,10.0,2.5,29.267,57.324,57,FAIR
OCPYU4949,YALAHAU,2013,20.657567,-89.216104,1.623,3.0,9.0,2.0,0.816,1.08,1444.16,2256.5,8.72,7.415,10.0,2.87,31.05,44.651,100,EXCELLENT
DLCAM239,CHUINA,2013,18.961862,-90.715114,3.668,43.0,129.0,6.72,0.62,0.485,431.68,674.5,,,11.0,2.54,30.55,42.431,82,EXCELLENT
DLQUI2254,NOH-BEC,2013,19.146111,-88.174167,1.486,5.5,16.5,2.0,0.636,0.001,438.72,685.5,,,13.0,2.5,30.45,26.525,100,EXCELLENT
DLQUI2259-60,BACALAR BUENAVISTA,2013,18.878333,-88.234444,1.912,599.333,1798.0,2.012,0.232,0.366,1920.107,3000.167,,6.895,10.667,2.5,28.75,27.19,58,FAIR
DLQUI2265-76,HUAY-PIX,2013,18.513889,-88.423889,0.545,527.222,1581.889,2.266,0.185,0.057,1497.316,2339.556,7.6,6.476,10.667,2.5,28.767,15.767,63,FAIR
DLQUI2263,BACALAR SOUTH,2013,18.601389,-88.430556,0.588,114.0,342.0,2.243,0.412,0.001,1248.853,1951.333,,,10.0,2.5,29.0,19.843,87,EXCELLENT
DLQUI2264,XUL-HA,2013,18.548611,-88.460833,0.1,35.0,105.0,2.003,0.569,0.01,1402.667,2191.667,,,10.0,2.5,29.2,7.092,81,EXCELLENT
DLQUI2262,BACALAR CENTER,2013,18.686944,-88.383056,0.34,22.0,66.0,2.283,0.404,0.001,1611.733,2518.333,7.0,6.63,10.0,2.5,28.433,15.912,84,EXCELLENT
DLCAM242,MARAVILLAS,2014,18.512357,-90.304557,16.755,379.5,878.5,2.3,0.721,0.001,668.352,1044.3,7.85,6.45,65.0,9.3,29.1,43.965,52,FAIR
DLCAM243,CHAN LAGUNA,2014,18.478335,-90.210111,24.805,2337.5,5177.5,2.455,0.845,0.001,162.304,253.6,7.85,6.6,20.0,11.5,28.4,46.79,57,FAIR
DLCAM241,SILVI TUC,2014,18.629995,-90.285381,9.14,345.0,1035.0,2.75,0.857,15.652,637.184,995.6,7.65,6.6,19.0,5.77,29.35,52.485,56,FAIR
OCPYU4918W1,LAGUNA CHABELA,2014,20.660925,-87.613242,3.94,1914.0,3848.5,2.0,1.048,0.031,746.88,1167.0,7.68,7.45,10.0,2.5,29.9,46.894,60,FAIR
OCPYU4949,YALAHAU,2014,20.657567,-89.216104,2.715,61.5,184.5,3.25,3.087,0.052,1242.56,1941.5,7.4,5.1,10.0,2.5,29.8,50.429,73,GOOD
DLCAM239,CHUINA,2014,18.961862,-90.715114,2.89,15.0,22.5,2.45,0.525,0.009,441.28,689.5,7.2,5.7,32.5,3.46,29.7,29.668,87,EXCELLENT
DLQUI2254,NOH-BEC,2014,19.146111,-88.174167,2.245,1245.0,3691.5,2.0,0.991,0.19,304.896,476.4,7.65,5.565,16.0,2.5,29.0,43.936,59,FAIR
DLQUI2259-60,BACALAR BUENAVISTA,2014,18.878333,-88.234444,1.012,640.75,1900.5,2.025,0.343,0.006,2241.6,3502.5,7.5,4.908,18.25,2.5,30.075,16.812,63,FAIR
DLQUI2265-76,HUAY-PIX,2014,18.513889,-88.423889,0.93,344.375,1036.875,2.0,0.976,0.281,1756.88,2745.125,7.69,4.989,10.375,2.5,29.75,37.43,62,FAIR
DLQUI2263,BACALAR SOUTH,2014,18.601389,-88.430556,0.45,551.5,1654.5,2.0,0.984,0.001,1360.32,2125.5,6.865,3.3,14.0,2.5,29.45,17.921,64,FAIR
DLQUI2264,XUL-HA,2014,18.548611,-88.460833,0.195,41.5,124.5,2.0,0.952,0.285,1507.52,2355.5,6.9,5.0,10.0,2.5,28.7,25.907,76,GOOD
DLQUI2262,BACALAR CENTER,2014,18.686944,-88.383056,1.01,3.0,9.0,2.0,0.638,0.001,1538.24,2403.5,7.545,4.7,13.0,2.5,28.9,23.742,100,EXCELLENT
DLCAM242,MARAVILLAS,2015,18.512357,-90.304557,37.026,116.5,349.5,14.49,1.402,0.039,151.36,236.5,8.05,3.7,12.0,19.0,29.85,65.658,60,FAIR
DLCAM243,CHAN LAGUNA,2015,18.478335,-90.210111,51.05,265.0,645.0,21.105,1.697,0.425,177.28,277.0,8.65,3.7,40.0,111.85,28.45,64.718,48,POOR
DLCAM241,SILVI TUC,2015,18.629995,-90.285381,27.079,21.5,64.5,6.895,1.676,0.034,171.2,267.5,8.0,4.1,29.0,22.6,31.75,61.705,73,GOOD
OCPYU4918W1,LAGUNA CHABELA,2015,20.660925,-87.613242,1.766,479.5,960.0,3.765,0.953,0.023,686.72,1073.0,7.7,7.935,26.43,2.5,30.75,37.824,59,FAIR
OCPYU4949,YALAHAU,2015,20.657567,-89.216104,3.857,216.5,509.5,2.05,0.892,0.046,1754.56,2741.5,7.7,6.55,10.0,2.545,31.85,44.708,68,FAIR
DLCAM239,CHUINA,2015,18.961862,-90.715114,2.3,46.5,139.5,4.065,0.688,0.077,412.48,644.5,7.7,2.9,10.5,4.375,29.35,40.184,73,GOOD
DLQUI2254,NOH-BEC,2015,19.146111,-88.174167,2.124,150.0,420.0,2.85,1.207,0.021,769.28,1202.0,7.45,4.75,26.5,2.98,31.2,37.68,67,FAIR
DLQUI2259-60,BACALAR BUENAVISTA,2015,18.878333,-88.234444,0.234,12.25,27.5,2.95,0.53,0.093,3861.32,5296.25,7.05,6.375,10.25,2.5,30.35,20.938,87,EXCELLENT
DLQUI2265-76,HUAY-PIX,2015,18.513889,-88.423889,0.497,109.5,386.75,3.554,0.648,0.174,2612.08,3899.0,7.45,6.825,12.5,2.5,30.887,28.524,65,FAIR
DLQUI2263,BACALAR SOUTH,2015,18.601389,-88.430556,0.244,116.5,254.5,2.14,0.721,0.075,1868.48,2919.5,6.85,5.2,11.5,2.5,29.7,24.543,71,GOOD
DLQUI2264,XUL-HA,2015,18.548611,-88.460833,0.427,36.5,109.5,2.215,1.018,0.119,2275.52,3555.5,7.05,4.15,10.0,2.5,29.95,32.274,78,GOOD
DLQUI2262,BACALAR CENTER,2015,18.686944,-88.383056,0.1,16.5,36.0,2.0,0.607,0.101,2049.28,3202.0,7.05,7.0,10.0,2.5,30.0,16.271,88,EXCELLENT
DLCAM242,MARAVILLAS,2016,18.512357,-90.304557,64.549,135.0,386.5,30.475,1.778,0.054,136.96,214.0,8.005,5.32,58.0,18.275,29.05,73.619,56,FAIR
DLCAM243,CHAN LAGUNA,2016,18.478335,-90.210111,15.371,116.5,349.5,15.79,1.296,0.13,163.52,255.5,8.105,5.06,36.0,13.01,29.65,63.567,57,FAIR
DLCAM241,SILVI TUC,2016,18.629995,-90.285381,30.02,116.5,349.5,28.21,1.564,0.047,186.24,291.0,7.895,5.875,66.0,20.7,29.8,66.488,57,FAIR
OCPYU4918W1,LAGUNA CHABELA,2016,20.660925,-87.613242,,624.0,1248.0,,2.054,0.085,648.0,1235.0,,,,,31.0,,77,GOOD
OCPYU4949,YALAHAU,2016,20.657567,-89.216104,2.916,40.0,120.0,15.695,2.161,0.037,1362.88,2129.5,8.55,4.4,10.0,2.5,32.6,46.735,67,FAIR
DLCAM239,CHUINA,2016,18.961862,-90.715114,9.175,46.5,139.5,3.15,0.407,0.012,399.36,624.0,7.81,5.775,10.0,2.5,29.4,42.215,74,GOOD
DLQUI2254,NOH-BEC,2016,19.146111,-88.174167,0.336,21.5,64.5,2.23,0.807,0.024,948.16,1481.5,8.05,6.2,10.0,2.5,31.55,26.107,83,EXCELLENT
DLQUI2259-60,BACALAR BUENAVISTA,2016,18.878333,-88.234444,0.158,21.5,64.5,2.0,0.855,0.031,2019.04,3154.75,7.775,5.767,10.0,2.5,30.25,19.73,84,EXCELLENT
DLQUI2265-76,HUAY-PIX,2016,18.513889,-88.423889,0.143,112.5,326.625,2.005,0.732,0.032,1533.44,2396.0,7.4,5.033,10.75,2.5,31.262,18.36,72,GOOD
DLQUI2263,BACALAR SOUTH,2016,18.601389,-88.430556,0.318,36.5,109.5,2.0,0.988,0.015,1270.72,1985.5,7.45,5.75,13.5,2.5,30.3,19.848,81,EXCELLENT
DLQUI2264,XUL-HA,2016,18.548611,-88.460833,0.1,65.0,195.0,2.0,0.652,0.005,1268.16,1981.5,7.3,5.35,10.0,2.5,30.1,1.0,76,GOOD
DLQUI2262,BACALAR CENTER,2016,18.686944,-88.383056,0.199,3.0,9.0,2.0,0.632,0.312,1474.56,2304.0,7.55,4.8,10.0,2.5,30.15,21.646,100,EXCELLENT
DLCAM242,MARAVILLAS,2017,18.512357,-90.304557,7.252,510.0,1145.0,27.24,2.845,0.717,143.584,224.35,8.0,3.9,48.0,16.5,30.7,63.71,45,POOR
DLCAM243,CHAN LAGUNA,2017,18.478335,-90.210111,7.1,190.0,570.0,21.06,3.925,0.587,167.136,261.15,8.05,3.85,48.0,22.8,30.25,55.107,50,FAIR
DLCAM241,SILVI TUC,2017,18.629995,-90.285381,7.135,570.0,1290.0,27.18,2.589,0.02,173.664,271.35,7.15,2.45,54.0,12.9,31.35,46.115,50,FAIR
OCPYU4918W1,LAGUNA CHABELA,2017,20.660925,-87.613242,,3654.0,7308.0,,1.19,0.009,532.0,911.0,,,,,31.1,,66,FAIR
OCPYU4949,YALAHAU,2017,20.657567,-89.216104,4.316,30.0,90.0,22.245,2.318,0.05,1336.192,2087.8,9.25,3.95,27.0,2.5,31.2,53.273,67,FAIR
DLCAM239,CHUINA,2017,18.961862,-90.715114,8.817,60.0,180.0,9.945,1.205,0.286,357.536,558.65,8.1,4.45,14.0,6.4,32.15,55.889,63,FAIR
DLQUI2254,NOH-BEC,2017,19.146111,-88.174167,2.943,190.0,570.0,15.645,1.924,0.14,872.736,1363.65,8.0,5.05,10.0,2.5,31.7,51.775,56,FAIR
DLQUI2259-60,BACALAR BUENAVISTA,2017,18.878333,-88.234444,0.336,313.25,712.25,7.49,0.825,0.559,2006.128,3134.575,8.3,6.45,12.5,2.5,30.625,28.296,52,FAIR
DLQUI2265-76,HUAY-PIX,2017,18.513889,-88.423889,0.477,105.75,303.5,5.143,1.001,0.05,1699.712,2655.8,7.85,5.419,10.5,2.696,30.425,30.649,65,FAIR
DLQUI2263,BACALAR SOUTH,2017,18.601389,-88.430556,0.1,16.5,49.5,3.63,0.844,0.151,1278.304,1997.35,7.8,7.25,10.5,2.5,29.9,19.806,81,EXCELLENT
DLQUI2264,XUL-HA,2017,18.548611,-88.460833,0.1,35.0,86.5,4.485,1.481,0.011,1340.48,2094.5,7.35,6.4,10.0,2.5,29.5,8.323,75,GOOD
DLQUI2262,BACALAR CENTER,2017,18.686944,-88.383056,0.1,36.5,94.5,2.505,0.697,0.189,1500.256,2344.15,7.95,8.6,10.0,2.5,30.25,17.753,75,GOOD
DLCAM242,MARAVILLAS,2018,18.512357,-90.304557,7.256,33.333,100.0,19.95,1.865,0.028,124.437,194.433,7.733,4.8,67.333,12.767,28.1,49.92,67,FAIR
DLCAM243,CHAN LAGUNA,2018,18.478335,-90.210111,23.708,33.333,100.0,20.06,4.982,0.17,221.781,346.533,8.3,5.2,54.0,22.233,27.433,72.426,64,FAIR
DLCAM241,SILVI TUC,2018,18.629995,-90.285381,10.113,163.333,490.0,18.18,1.976,0.118,145.92,228.0,7.433,4.733,45.333,7.833,28.5,60.012,57,FAIR
OCPYU4918W1,LAGUNA CHABELA,2018,20.660925,-87.613242,,128.0,256.0,,2.008,0.024,666.0,1240.5,,,,,26.95,,92,EXCELLENT
OCPYU4949,YALAHAU,2018,20.657567,-89.216104,2.404,1800.0,5210.0,19.87,3.528,0.059,1381.461,2158.533,8.933,4.033,14.0,4.367,29.667,50.976,46,POOR
DLCAM239,CHUINA,2018,18.961862,-90.715114,4.945,43.333,120.0,10.47,2.352,0.017,420.352,656.8,8.1,4.833,26.0,5.767,28.667,41.487,67,FAIR
DLQUI2254,NOH-BEC,2018,19.146111,-88.174167,0.826,53.333,140.0,13.597,1.087,0.036,787.627,1230.667,7.767,3.9,10.0,5.267,28.833,33.56,66,FAIR
DLQUI2259-60,BACALAR BUENAVISTA,2018,18.878333,-88.234444,0.314,811.667,1698.333,5.132,0.785,0.038,2216.64,3463.5,7.65,3.717,11.667,2.5,28.967,25.11,55,FAIR
DLQUI2265-76,HUAY-PIX,2018,18.513889,-88.423889,0.422,567.778,1532.222,4.726,1.602,0.067,1776.356,2775.556,7.433,3.969,15.556,2.5,29.356,33.439,57,FAIR
DLQUI2263,BACALAR SOUTH,2018,18.601389,-88.430556,0.1,33.333,96.667,8.66,0.599,0.026,1537.067,2401.667,7.1,3.767,11.333,2.5,29.133,13.836,72,GOOD
DLQUI2264,XUL-HA,2018,18.548611,-88.460833,0.373,70.0,173.333,7.127,0.648,0.022,1500.523,2344.567,7.2,3.833,10.0,2.5,30.067,22.966,67,FAIR
DLQUI2262,BACALAR CENTER,2018,18.686944,-88.383056,0.659,100.0,233.333,4.427,0.776,0.016,1694.592,2647.8,7.5,3.967,10.333,2.5,28.633,26.404,67,FAIR
DLCAM242,MARAVILLAS,2019,18.512357,-90.304557,0.895,40.0,120.0,50.82,6.104,0.09,172.16,269.0,8.2,3.8,34.0,23.0,26.6,48.774,63,FAIR
DLCAM243,CHAN LAGUNA,2019,18.478335,-90.210111,1.184,40.0,120.0,,20.592,0.146,132.48,207.0,9.0,3.5,32.0,100.0,25.8,56.553,70,FAIR
DLCAM241,SILVI TUC,2019,18.629995,-90.285381,0.1,430.0,1290.0,40.92,5.136,0.043,197.76,309.0,7.6,3.9,10.0,15.0,26.2,24.331,51,FAIR
DLCAM239,CHUINA,2019,18.961862,-90.715114,7.609,70.0,180.0,11.39,3.933,0.053,536.96,839.0,7.7,4.3,10.0,12.0,29.4,57.872,65,FAIR
DLQUI2259-60,BACALAR BUENAVISTA,2019,18.878333,-88.234444,1.43,70.0,175.0,14.85,2.425,0.029,1966.72,3073.0,8.0,4.4,10.0,2.5,27.75,38.666,63,FAIR
DLQUI2265-76,HUAY-PIX,2019,18.513889,-88.423889,0.1,230.0,625.0,10.65,1.893,0.023,1768.0,2762.5,7.4,3.515,18.5,2.5,29.4,16.971,58,FAIR
DLQUI2264,XUL-HA,2019,18.548611,-88.460833,0.601,90.0,220.0,17.03,1.794,0.036,1379.2,2155.0,6.3,3.3,10.0,2.5,28.9,35.018,62,FAIR
DLQUI2262,BACALAR CENTER,2019,18.686944,-88.383056,0.643,40.0,110.0,14.09,1.892,0.489,1500.16,2344.0,7.3,4.8,10.0,2.5,27.2,41.887,65,FAIR
DLCAM242,MARAVILLAS,2020,18.512357,-90.304557,12.175,90.0,220.0,27.42,2.569,0.027,161.28,252.0,7.0,5.3,10.0,3.4,30.7,53.255,62,FAIR
DLCAM243,CHAN LAGUNA,2020,18.478335,-90.210111,13.77,90.0,270.0,30.66,3.301,0.051,277.12,433.0,7.2,2.3,10.0,2.5,30.9,61.754,61,FAIR
DLCAM241,SILVI TUC,2020,18.629995,-90.285381,8.881,430.0,1090.0,33.42,2.811,0.066,197.76,309.0,7.2,8.8,10.0,4.7,31.2,61.572,53,FAIR
OCPYU4918W1,LAGUNA CHABELA,2020,20.660925,-87.613242,,40.0,80.0,,3.435,1.098,791.0,1206.0,,,,,32.1,,98,EXCELLENT
OCPYU4949,YALAHAU,2020,20.657567,-89.216104,1.343,1500.0,3280.0,14.7,1.494,0.043,844.16,1319.0,8.2,3.2,13.0,3.7,32.0,42.95,48,POOR
DLCAM239,CHUINA,2020,18.961862,-90.715114,5.0,90.0,220.0,11.06,1.264,0.012,344.32,538.0,7.7,4.3,10.0,2.5,30.3,37.797,64,FAIR
DLQUI2254,NOH-BEC,2020,19.146111,-88.174167,4.216,150.0,340.0,15.69,1.502,1.478,218.88,342.0,7.7,3.7,10.0,2.5,30.5,52.938,54,FAIR
DLQUI2259-60,BACALAR BUENAVISTA,2020,18.878333,-88.234444,2.954,90.0,220.0,12.835,1.211,0.001,2254.4,3522.5,7.6,8.55,10.0,2.5,32.2,31.47,63,FAIR
DLQUI2265-76,HUAY-PIX,2020,18.513889,-88.423889,0.1,580.0,1250.0,10.725,1.823,0.008,1638.4,2560.0,8.0,4.525,10.0,2.5,32.6,4.008,53,FAIR
DLQUI2263,BACALAR SOUTH,2020,18.601389,-88.430556,0.685,150.0,340.0,15.53,1.156,0.007,1480.32,2313.0,7.7,5.1,10.0,2.5,30.9,17.557,59,FAIR
DLQUI2264,XUL-HA,2020,18.548611,-88.460833,0.732,230.0,550.0,16.23,0.576,0.009,1386.88,2167.0,7.5,5.1,10.0,2.5,31.5,20.696,57,FAIR
DLQUI2262,BACALAR CENTER,2020,18.686944,-88.383056,6.188,90.0,270.0,14.01,1.147,0.001,1539.2,2405.0,8.0,4.8,10.0,2.5,32.3,13.593,62,FAIR
